episode,total_distance,total_reward,speed_mean,speed_std,center_dev_mean,center_dev_std,reward_mean,reward_std,success
0,157.51027995650657,323.9955900578197,21.63585162355369,4.110918214429156,0.05933582678569018,0.07736470465808405,0.8223238326340602,0.1897459197615108,True
1,265.8691775689367,565.6391573134148,21.688784206376933,3.2567959509075983,0.05356055536741828,0.08131649520400949,0.8531510668377297,0.1572785535147167,True
2,314.95069258101285,648.5491998973682,22.014032247954166,3.326048468132521,0.057614201295363016,0.08862919299179958,0.8379188629164964,0.1786745878772237,True
3,176.3480910276994,380.08661893290355,21.387976809401643,3.801077314691159,0.05579238433746451,0.05310463374783153,0.8522121500737748,0.14408111399622447,True
total,1143.3478014176944,2397.8382077518827,21.681661221821606,3.6237099870401086,0.056575741946483994,0.07510375665043117,0.8414014781155154,0.16744504378741892,1.0
